gene,selection_frequency
KIF23,1.0
DNA2,0.9666666666666667
MCM3,0.9666666666666667
DDIAS,0.9333333333333333
SNRPB,0.9
KIF4A,0.8666666666666667
SNRNP25,0.8333333333333334
RACGAP1,0.7666666666666667
PTTG1,0.7666666666666667
ORC1,0.7666666666666667
RAD54B,0.7333333333333333
RRM2,0.7
SLC35F6///CENPA,0.6666666666666666
CDCA2,0.6666666666666666
KIF20A,0.6666666666666666
HIST1H2AC,0.6333333333333333
MIR1292///SNORD110///SNORD86///SNORD57///NOP56,0.6333333333333333
MAGEA11,0.6333333333333333
FASTKD5,0.6333333333333333
TPX2,0.6
FAM3B,0.6
SLX1B-SULT1A4///SLX1A-SULT1A3///SULT1A4///SULT1A3,0.6
E2F8,0.6
VPS28,0.6
IDH3B,0.5666666666666667
PLK1,0.5666666666666667
CCNA2,0.5666666666666667
CDCA3,0.5666666666666667
NFE2L2///CSNK2A1,0.5666666666666667
MAT2A,0.5333333333333333
AHCTF1P1///AHCTF1,0.4666666666666667
SPC25,0.4666666666666667
EXO1,0.4666666666666667
LOC100288637///ARHGAP11B,0.43333333333333335
TRMT6,0.43333333333333335
NCAPD2,0.43333333333333335
NEMP1,0.43333333333333335
MYBL2,0.43333333333333335
HAT1,0.43333333333333335
KIF15,0.4
CENPA,0.4
WEE1,0.4
DDX39A,0.4
FBXW8,0.4
RDM1,0.4
KIFC1,0.4
KIAA0101,0.36666666666666664
FIGNL1,0.36666666666666664
FEN1,0.36666666666666664
SPAG5,0.36666666666666664
GTF2H2C_2///GTF2H2C///GTF2H2B///GTF2H2,0.36666666666666664
FAM72A///FAM72D///FAM72B///FAM72C,0.36666666666666664
C2orf47,0.36666666666666664
CCNF,0.3333333333333333
CXCL6,0.3333333333333333
PBK,0.3333333333333333
ODC1,0.3333333333333333
IMMT,0.3333333333333333
ACADVL,0.3333333333333333
CALB2,0.3333333333333333
CTSV,0.3333333333333333
SULT1C2,0.3333333333333333
KIF22,0.3333333333333333
POU5F1P3,0.3
PRUNE2,0.3
LBR,0.3
HIST2H2BE,0.3
LMNB1,0.3
NCAPH,0.3
NEK2,0.3
LOC728554///THOC3,0.3
CPSF3,0.3
SPATA20,0.3
FUT4,0.3
RNASEH2A,0.3
RMI2,0.3
FOXM1,0.3
CSNK2A1,0.26666666666666666
POLE2,0.26666666666666666
BARD1,0.26666666666666666
LARS2,0.26666666666666666
GTF2H2C///GTF2H2B///GTF2H2,0.26666666666666666
HMMR,0.26666666666666666
HNRNPF,0.26666666666666666
BORA,0.26666666666666666
KIF18B,0.26666666666666666
NUP35,0.26666666666666666
GNAI1,0.26666666666666666
SKA1,0.26666666666666666
GMNN,0.26666666666666666
MIR1908///FADS1,0.23333333333333334
IRX2,0.23333333333333334
NUDT1,0.23333333333333334
PLK4,0.23333333333333334
OIP5,0.23333333333333334
PTPN20,0.23333333333333334
DEPDC1B,0.23333333333333334
DDX46,0.23333333333333334
RFC4,0.23333333333333334
CYB5R2,0.23333333333333334
UTP15,0.23333333333333334
MCM10,0.23333333333333334
ZWILCH,0.23333333333333334
XIST,0.2
MCM8,0.2
CSTF2,0.2
UBE2C,0.2
CENPW,0.2
RNASEH1,0.2
MMP3,0.2
KLK11,0.2
MSH6,0.2
TMEM38A,0.2
HENMT1,0.2
CKAP2L,0.2
GINS1,0.2
HOXB2,0.2
GLO1,0.2
FERMT1,0.2
SYAP1,0.2
CENPE,0.2
AK6,0.2
SLC44A5,0.2
SMIM24,0.2
ARSE,0.16666666666666666
CXCL5,0.16666666666666666
KIAA1324L,0.16666666666666666
NARS2,0.16666666666666666
MGME1,0.16666666666666666
LOC105371809,0.16666666666666666
CDC25B,0.16666666666666666
HOTAIRM1,0.16666666666666666
TOPBP1,0.16666666666666666
ACTG1P4///AMY2B///AMY2A///AMY1C///AMY1B///AMY1A,0.16666666666666666
BCOR,0.16666666666666666
OAT,0.16666666666666666
PRIM1,0.16666666666666666
CDKN3,0.16666666666666666
TIMM10,0.16666666666666666
NUP160,0.16666666666666666
MMP12,0.16666666666666666
NCAPD3,0.16666666666666666
ATAD5,0.16666666666666666
SIDT1,0.16666666666666666
KPNA2,0.16666666666666666
MSH2,0.16666666666666666
DNMT1,0.16666666666666666
TRPM2,0.16666666666666666
CENPH,0.16666666666666666
C1orf131,0.16666666666666666
FANCI,0.16666666666666666
FAM64A,0.16666666666666666
NDUFA9,0.16666666666666666
IRF8,0.16666666666666666
EIF1AY,0.16666666666666666
ASB9,0.13333333333333333
LOC100288152,0.13333333333333333
USP9Y,0.13333333333333333
MELK,0.13333333333333333
UHRF1,0.13333333333333333
MEST,0.13333333333333333
DARS2,0.13333333333333333
LOC100505938,0.13333333333333333
POLD2,0.13333333333333333
ARL6IP1,0.13333333333333333
PSMF1,0.13333333333333333
NUP98,0.13333333333333333
NSFL1C,0.13333333333333333
HJURP,0.13333333333333333
UTP20,0.13333333333333333
NUP107,0.13333333333333333
TPST2,0.13333333333333333
PSMD1,0.13333333333333333
HS6ST2,0.13333333333333333
USP1,0.13333333333333333
NCAPG2,0.13333333333333333
NPM1,0.13333333333333333
BLNK,0.13333333333333333
FN3KRP,0.13333333333333333
IGF2BP3,0.13333333333333333
TROAP,0.13333333333333333
FBXO5,0.13333333333333333
FAM83D,0.13333333333333333
RBP2,0.13333333333333333
CEP76,0.13333333333333333
AIFM1,0.13333333333333333
DUSP5,0.13333333333333333
DTL,0.13333333333333333
DCTPP1,0.13333333333333333
STAP2,0.13333333333333333
NCAPG,0.13333333333333333
RPS21,0.13333333333333333
DDX1,0.13333333333333333
SNORD3D///SNORD3C///SNORD3B-2///SNORD3A///SNORD3B-1,0.13333333333333333
HOXA13,0.13333333333333333
HSPE1-MOB4///MOB4,0.13333333333333333
IER3,0.13333333333333333
CDC6,0.13333333333333333
RAD51AP1,0.13333333333333333
SNRPA1,0.1
TCF19,0.1
TACC3,0.1
LOC730268///ANAPC1,0.1
LSM6,0.1
MDC1,0.1
XK,0.1
CKS1B,0.1
LOC101928605///OR2A1-AS1///OR2A9P///OR2A20P,0.1
UNG,0.1
LMNB2,0.1
SHC2,0.1
SSRP1,0.1
DNAAF5,0.1
UBE2S,0.1
C1orf112,0.1
CENPU,0.1
RRM1,0.1
TSEN15,0.1
MND1,0.1
LINC00623,0.1
LGSN,0.1
ROCK2,0.1
SLC19A3,0.1
DNMT3B,0.1
SKAP1,0.1
MKKS,0.1
RASGEF1A,0.1
RBL1,0.1
KIF18A,0.1
NUSAP1,0.1
GINS3,0.1
FOXRED1,0.1
HSP90AB1,0.1
HOXA5,0.1
SUPT16H,0.1
PRTFDC1,0.1
PSMA7,0.1
TEN1-CDK3///TEN1,0.1
C3orf67,0.1
PSRC1,0.1
CCL20,0.1
HLA-A,0.1
UBE2T,0.1
UCA1,0.1
TMC4,0.1
TOMM40,0.1
POU5F1P4///POU5F1P3///POU5F1B///POU5F1,0.1
H2AFZ,0.1
ZNF426,0.1
LOC100505874,0.1
MIR3652///HSP90B1,0.1
ADCY3,0.1
YBX2,0.1
ZBED3,0.1
LOC102724250///NBPF26///NBPF10///NBPF8///NBPF9///NBPF15///NBPF11///NBPF12///NBPF1///NBPF14,0.1
AURKB,0.1
ANP32E,0.1
ALYREF,0.1
LOC340340,0.06666666666666667
AK6///TAF9,0.06666666666666667
AMT,0.06666666666666667
ANLN,0.06666666666666667
APOBEC3C,0.06666666666666667
AQP5,0.06666666666666667
WHSC1,0.06666666666666667
WIPI1,0.06666666666666667
STIL,0.06666666666666667
SUGCT,0.06666666666666667
SNRNP48,0.06666666666666667
YAE1D1,0.06666666666666667
ABCG5,0.06666666666666667
ADGRG7,0.06666666666666667
YWHAQ,0.06666666666666667
ZNF22,0.06666666666666667
HIST1H1B,0.06666666666666667
HIST1H3F,0.06666666666666667
HIST1H3G,0.06666666666666667
TOX3,0.06666666666666667
C4orf48,0.06666666666666667
C9orf24,0.06666666666666667
CBX1,0.06666666666666667
PNPT1,0.06666666666666667
POLR3F,0.06666666666666667
POU5F1B,0.06666666666666667
GTF2H2B///GTF2H2,0.06666666666666667
HAAO,0.06666666666666667
HAUS7,0.06666666666666667
PPP1CC,0.06666666666666667
PAXIP1,0.06666666666666667
PDHX,0.06666666666666667
PHGDH,0.06666666666666667
HAUS8,0.06666666666666667
HDAC8,0.06666666666666667
PLCB4,0.06666666666666667
HLTF,0.06666666666666667
HMGCR,0.06666666666666667
HNRNPAB,0.06666666666666667
HNRNPU,0.06666666666666667
HOTAIR,0.06666666666666667
NUP85,0.06666666666666667
NOL12///TRIOBP,0.06666666666666667
TIMM23B///TIMM23,0.06666666666666667
RALGDS,0.06666666666666667
PRAME,0.06666666666666667
PRKX,0.06666666666666667
GLUL,0.06666666666666667
GNA15,0.06666666666666667
GPAT2,0.06666666666666667
PSIP1,0.06666666666666667
HSP90AA1,0.06666666666666667
HSPE1,0.06666666666666667
IARS2,0.06666666666666667
HKDC1,0.06666666666666667
NDC80,0.06666666666666667
ID1,0.06666666666666667
FZD10,0.06666666666666667
GAS2L3,0.06666666666666667
GEMIN5,0.06666666666666667
CCZ1B///CCZ1,0.06666666666666667
CDC20,0.06666666666666667
CDC25A,0.06666666666666667
CDC45,0.06666666666666667
CDCA5,0.06666666666666667
CDCA7,0.06666666666666667
SEH1L,0.06666666666666667
SETSIP///SETP4///SET,0.06666666666666667
RAMP1,0.06666666666666667
RASA4B///RASA4CP///RASA4,0.06666666666666667
IL17RB,0.06666666666666667
IMPA2,0.06666666666666667
IQGAP3,0.06666666666666667
NELFCD,0.06666666666666667
TRMU///GTSE1,0.06666666666666667
TSPOAP1,0.06666666666666667
TXLNG,0.06666666666666667
EZH2,0.06666666666666667
SAAL1,0.06666666666666667
SAT1,0.06666666666666667
SCOC,0.06666666666666667
TIPIN,0.06666666666666667
TK1,0.06666666666666667
SULT1A2,0.06666666666666667
CDT1,0.06666666666666667
CERK,0.06666666666666667
CGREF1,0.06666666666666667
C19orf33,0.06666666666666667
MZT1,0.06666666666666667
MIR4746///UBXN6,0.06666666666666667
SLC14A1,0.06666666666666667
SLC17A5,0.06666666666666667
EHF,0.06666666666666667
SLC26A3,0.06666666666666667
EPHB3,0.06666666666666667
MOCS3,0.06666666666666667
MRPL14,0.06666666666666667
KIF2A,0.06666666666666667
ITGB3BP,0.06666666666666667
KCNK5,0.06666666666666667
LGR5,0.06666666666666667
LIMS4///LIMS1,0.06666666666666667
LINC00483,0.06666666666666667
LINC00847,0.06666666666666667
SRRM1,0.06666666666666667
SLC38A11,0.06666666666666667
SLC38A5,0.06666666666666667
DDX11,0.06666666666666667
DFFB,0.06666666666666667
DHX15,0.06666666666666667
SGO2,0.06666666666666667
SNX5,0.06666666666666667
CSE1L,0.06666666666666667
DCK,0.06666666666666667
CLDN15,0.06666666666666667
COCH,0.06666666666666667
COG8///PDF,0.06666666666666667
COL16A1,0.06666666666666667
COLCA2,0.06666666666666667
CRNKL1,0.06666666666666667
LINC01224,0.06666666666666667
MGLL,0.06666666666666667
UGT8,0.06666666666666667
ULK3,0.06666666666666667
ASF1B,0.06666666666666667
ATAD2,0.06666666666666667
MCM7,0.06666666666666667
ABCB7,0.06666666666666667
clinical_stage,0.03333333333333333
ABCB10,0.03333333333333333
ACOT7,0.03333333333333333
ACSF2,0.03333333333333333
ACTL6A,0.03333333333333333
ANKEF1,0.03333333333333333
AMD1,0.03333333333333333
ALG1,0.03333333333333333
BBS5,0.03333333333333333
BAAT,0.03333333333333333
AUNIP,0.03333333333333333
ATP5G1,0.03333333333333333
ATP10B,0.03333333333333333
ATIC,0.03333333333333333
ARRDC3,0.03333333333333333
ARMCX2,0.03333333333333333
USP39,0.03333333333333333
ULK1,0.03333333333333333
UGT2B17,0.03333333333333333
UGT1A1///UGT1A4///UGT1A9///UGT1A6///UGT1A8///UGT1A10,0.03333333333333333
UBXN8,0.03333333333333333
MB21D2,0.03333333333333333
MAVS,0.03333333333333333
MARCH2,0.03333333333333333
MAB21L2,0.03333333333333333
LYPD6,0.03333333333333333
LXN,0.03333333333333333
LTV1,0.03333333333333333
LRRD1///CYP51A1,0.03333333333333333
LOC90784///POLR1A,0.03333333333333333
LOC644656,0.03333333333333333
LOC200772,0.03333333333333333
LOC114224,0.03333333333333333
LOC101930591///FAM21C,0.03333333333333333
LOC101930415,0.03333333333333333
LOC101930404///SNORD116-28///SNORD115-26///SNORD115-13///SNORD115-7///SNORD116-22///SNORD116-4///PWARSN///SNORD107///IPW,0.03333333333333333
LOC101929876///LOC100996747///RPS26P11///RPS26,0.03333333333333333
LEO1,0.03333333333333333
LDHA,0.03333333333333333
LCLAT1,0.03333333333333333
LAMC2,0.03333333333333333
LOC101928634///SENP3-EIF4A1///SNORD10///SNORA48///SNORA67///EIF4A1,0.03333333333333333
LOC101927382///PAX8-AS1,0.03333333333333333
LOC101060405///RRN3P3,0.03333333333333333
LOC100996740,0.03333333333333333
LOC100996412,0.03333333333333333
LOC100509445///LOC728715///OVOS///OVOS2,0.03333333333333333
LOC100506314,0.03333333333333333
LOC100506248///MIR1244-2///MIR1244-3///MIR1244-1///LOC728026///PTMA,0.03333333333333333
LOC100133315,0.03333333333333333
LOC100129406,0.03333333333333333
MCUR1,0.03333333333333333
MCM5,0.03333333333333333
MPHOSPH9,0.03333333333333333
MNX1,0.03333333333333333
MMP9,0.03333333333333333
MMP1,0.03333333333333333
MIS18A,0.03333333333333333
MIR6840///STAG3L5P-PVRIG2P-PILRB///PILRB,0.03333333333333333
MIR6734///ELOVL1,0.03333333333333333
MIR664B///SNORA56///DKC1,0.03333333333333333
MIR636///SRSF2,0.03333333333333333
MIR3658///UCK2,0.03333333333333333
MFSD1,0.03333333333333333
MED30,0.03333333333333333
ME2,0.03333333333333333
MDH1,0.03333333333333333
LINC00526,0.03333333333333333
LINC00116,0.03333333333333333
ITPR3,0.03333333333333333
ISOC1,0.03333333333333333
IRX5,0.03333333333333333
KRT6C///KRT6B///KRT6A,0.03333333333333333
KRT6A,0.03333333333333333
KRT18,0.03333333333333333
KRBOX1,0.03333333333333333
KNTC1,0.03333333333333333
KNSTRN,0.03333333333333333
KMT2E-AS1,0.03333333333333333
KISS1R,0.03333333333333333
KIF5B,0.03333333333333333
KIF2C,0.03333333333333333
KIF26A,0.03333333333333333
MSX2,0.03333333333333333
MSLN,0.03333333333333333
INPP5A,0.03333333333333333
INHBB,0.03333333333333333
ILF3-AS1,0.03333333333333333
IGSF9,0.03333333333333333
IFI27L2,0.03333333333333333
ICE1,0.03333333333333333
NDC1,0.03333333333333333
NAE1,0.03333333333333333
MYO18A///TIAF1,0.03333333333333333
MUC6,0.03333333333333333
MTUS1,0.03333333333333333
MTMR11,0.03333333333333333
MTFR2,0.03333333333333333
KIF14,0.03333333333333333
KIF11,0.03333333333333333
KIAA0922,0.03333333333333333
HLF,0.03333333333333333
HLA-J,0.03333333333333333
HLA-DRB1,0.03333333333333333
HSPB1,0.03333333333333333
HSD17B7,0.03333333333333333
HPDL,0.03333333333333333
HOXD13,0.03333333333333333
HOXB3,0.03333333333333333
HOTS,0.03333333333333333
NUCKS1,0.03333333333333333
NRN1,0.03333333333333333
NPTX2,0.03333333333333333
NOLC1,0.03333333333333333
NIP7,0.03333333333333333
NEURL1B,0.03333333333333333
NEIL3,0.03333333333333333
PDPR,0.03333333333333333
PCP4,0.03333333333333333
PCDHB9///PCDHB10,0.03333333333333333
PCDHA1///PCDHA2///PCDHA3///PCDHA4///PCDHA5///PCDHA6///PCDHA7///PCDHA8///PCDHA10///PCDHA11///PCDHA12///PCDHA13///PCDHAC1///PCDHAC2///PCDHA9,0.03333333333333333
PARP2,0.03333333333333333
PAN3-AS1,0.03333333333333333
PAK6,0.03333333333333333
ORM1,0.03333333333333333
ORC6,0.03333333333333333
OR7E14P,0.03333333333333333
OPTN,0.03333333333333333
NUP133,0.03333333333333333
NUDT21,0.03333333333333333
HNRNPA3///HNRNPA3P1,0.03333333333333333
HMGN2,0.03333333333333333
HMGB3,0.03333333333333333
PLD3,0.03333333333333333
PLAT,0.03333333333333333
PKIG,0.03333333333333333
HIST1H2BK,0.03333333333333333
HIST1H2BD,0.03333333333333333
HINT3,0.03333333333333333
HEXB,0.03333333333333333
HES5,0.03333333333333333
HERC5,0.03333333333333333
HDGFRP3,0.03333333333333333
HBA2///HBA1,0.03333333333333333
PHF10,0.03333333333333333
PGRMC1,0.03333333333333333
PFN2,0.03333333333333333
PFAS,0.03333333333333333
PDZK1IP1,0.03333333333333333
PRAC1,0.03333333333333333
PPIL1,0.03333333333333333
PPBP,0.03333333333333333
HAUS6,0.03333333333333333
HACL1,0.03333333333333333
HACD3,0.03333333333333333
GTSE1,0.03333333333333333
GTF2H2B,0.03333333333333333
GRPEL2,0.03333333333333333
GRP,0.03333333333333333
GRHL2,0.03333333333333333
GPX1,0.03333333333333333
POLQ,0.03333333333333333
PM20D2,0.03333333333333333
PLTP,0.03333333333333333
PLRG1,0.03333333333333333
GPT2,0.03333333333333333
GPR75-ASB3///ASB3///GPR75,0.03333333333333333
GPBP1L1,0.03333333333333333
GPAM,0.03333333333333333
GNL3,0.03333333333333333
GNB2,0.03333333333333333
GNAS,0.03333333333333333
GMPR,0.03333333333333333
GLYR1///SEPT6,0.03333333333333333
GJB6,0.03333333333333333
PRSS33,0.03333333333333333
PRPF8,0.03333333333333333
PRPF39,0.03333333333333333
PROM1,0.03333333333333333
PRMT6,0.03333333333333333
PRELID3A,0.03333333333333333
RAB11FIP1,0.03333333333333333
GJB2,0.03333333333333333
GIMAP2,0.03333333333333333
GCN1,0.03333333333333333
GAS6-AS1,0.03333333333333333
FUNDC1,0.03333333333333333
FKBP10,0.03333333333333333
PWAR6,0.03333333333333333
PTPRN2,0.03333333333333333
PTPRD-AS1,0.03333333333333333
PSMG2,0.03333333333333333
PSME4,0.03333333333333333
PSME3,0.03333333333333333
PSMD3,0.03333333333333333
PSMB4,0.03333333333333333
PSMA1,0.03333333333333333
RLN2,0.03333333333333333
RILPL2,0.03333333333333333
RGMB,0.03333333333333333
REG3A,0.03333333333333333
FHDC1,0.03333333333333333
FH,0.03333333333333333
FAT1,0.03333333333333333
FAM50B,0.03333333333333333
FAM210A,0.03333333333333333
FAM105A,0.03333333333333333
RCC1,0.03333333333333333
RAP1GAP2,0.03333333333333333
RALBP1,0.03333333333333333
RAD21,0.03333333333333333
RAB25,0.03333333333333333
RAB15,0.03333333333333333
EXOC8,0.03333333333333333
ETV7,0.03333333333333333
ESPL1,0.03333333333333333
ESF1,0.03333333333333333
ERAP2,0.03333333333333333
EPHX4,0.03333333333333333
EMC8,0.03333333333333333
ELP4,0.03333333333333333
ELMO3,0.03333333333333333
EIF6,0.03333333333333333
EIF4EBP1,0.03333333333333333
RPS4X,0.03333333333333333
RPEL1///RPE,0.03333333333333333
RNF157,0.03333333333333333
RNF114,0.03333333333333333
RNASEH1-AS1,0.03333333333333333
SKP2,0.03333333333333333
SKA2,0.03333333333333333
SIGLEC15,0.03333333333333333
SHISA3,0.03333333333333333
SHCBP1,0.03333333333333333
SH3BGRL3,0.03333333333333333
SEPHS2,0.03333333333333333
SDHAP2///SDHAP1,0.03333333333333333
SDHA,0.03333333333333333
SCUBE1,0.03333333333333333
SCML4,0.03333333333333333
RUNX1-IT1,0.03333333333333333
RRAS,0.03333333333333333
RPS4Y1,0.03333333333333333
FABP3,0.03333333333333333
F13A1,0.03333333333333333
SLC43A3,0.03333333333333333
SLC27A2,0.03333333333333333
SLC25A5,0.03333333333333333
SLC25A43,0.03333333333333333
EFNB2,0.03333333333333333
EEF2,0.03333333333333333
DUOXA2,0.03333333333333333
DSN1,0.03333333333333333
DSCR8,0.03333333333333333
DPY30///MEMO1,0.03333333333333333
DPT,0.03333333333333333
DONSON,0.03333333333333333
DNAJC9,0.03333333333333333
SLC1A1,0.03333333333333333
SLC16A4,0.03333333333333333
SLBP,0.03333333333333333
SNRNP40,0.03333333333333333
SNORD88C///C19orf48,0.03333333333333333
SNORA29///TCP1,0.03333333333333333
SNHG3///SNORA73A,0.03333333333333333
DLGAP5,0.03333333333333333
DLGAP1-AS1,0.03333333333333333
DLAT,0.03333333333333333
DHFR,0.03333333333333333
DEPDC1,0.03333333333333333
DEDD2,0.03333333333333333
DDO,0.03333333333333333
SMIM19,0.03333333333333333
SMIM14,0.03333333333333333
SMC4,0.03333333333333333
SLC9A3R1,0.03333333333333333
SLC7A7,0.03333333333333333
CPE,0.03333333333333333
COL17A1,0.03333333333333333
CLPB,0.03333333333333333
CLNS1A,0.03333333333333333
CLIC1,0.03333333333333333
DCPS,0.03333333333333333
CYP4X1,0.03333333333333333
CYP3A5,0.03333333333333333
CXCL9,0.03333333333333333
CSTA,0.03333333333333333
SOS1-IT1,0.03333333333333333
SOD2,0.03333333333333333
SNX9,0.03333333333333333
SNRPG,0.03333333333333333
SNRPD1,0.03333333333333333
SNRPB2,0.03333333333333333
CIB1,0.03333333333333333
CHCHD2,0.03333333333333333
CES3,0.03333333333333333
CEP192,0.03333333333333333
CENPK,0.03333333333333333
CEACAM6,0.03333333333333333
SULT1A1,0.03333333333333333
STXBP1,0.03333333333333333
STT3A,0.03333333333333333
SSB,0.03333333333333333
SRXN1,0.03333333333333333
SPATA5L1,0.03333333333333333
SOWAHC,0.03333333333333333
CRYL1,0.03333333333333333
CRNDE,0.03333333333333333
CPLX1,0.03333333333333333
TIMM21,0.03333333333333333
CDK2,0.03333333333333333
CDHR2,0.03333333333333333
CD52,0.03333333333333333
CD200,0.03333333333333333
CCT2,0.03333333333333333
THRIL///BRI3BP,0.03333333333333333
TGIF2-C20orf24///C20orf24,0.03333333333333333
TEKT4P2///MAFIP///LOC389834,0.03333333333333333
TCTEX1D2,0.03333333333333333
TBC1D3I///TBC1D3E///LOC101060389///TBC1D3L///TBC1D3K///TBC1D3G///TBC1D3H///TBC1D3///TBC1D3C///TBC1D3F,0.03333333333333333
TASP1,0.03333333333333333
TAC1,0.03333333333333333
SUZ12P1///SUZ12,0.03333333333333333
SUZ12P1,0.03333333333333333
SULT2B1,0.03333333333333333
TSHZ1,0.03333333333333333
TRMT2B,0.03333333333333333
TRIM71,0.03333333333333333
TRHDE,0.03333333333333333
CCL28,0.03333333333333333
CCDC34,0.03333333333333333
CASP4,0.03333333333333333
CASP2,0.03333333333333333
CASP1,0.03333333333333333
CAPN8,0.03333333333333333
C2CD4A,0.03333333333333333
TP53TG1,0.03333333333333333
TMEM71,0.03333333333333333
TMEM154,0.03333333333333333
TMEM117,0.03333333333333333
TIMP4,0.03333333333333333
UBB,0.03333333333333333
C1QTNF3-AMACR///AMACR,0.03333333333333333
BZW2,0.03333333333333333
BZW1,0.03333333333333333
BUB1B,0.03333333333333333
BTBD3,0.03333333333333333
BSG,0.03333333333333333
BRSK1,0.03333333333333333
BRCA2,0.03333333333333333
BRCA1,0.03333333333333333
BEX3,0.03333333333333333
BEX2,0.03333333333333333
UAP1L1,0.03333333333333333
TUBB,0.03333333333333333
TTK,0.03333333333333333
TSTA3,0.03333333333333333
ACVR1C,0.03333333333333333
clinical_is_male,0.03333333333333333
clinical_age,0.03333333333333333
ZWINT,0.03333333333333333
ABCA17P,0.03333333333333333
ZNF711,0.03333333333333333
XPO5,0.03333333333333333
WNT2B,0.03333333333333333
WDR76,0.03333333333333333
WAC-AS1,0.03333333333333333
VSIG4,0.03333333333333333
VRK1,0.03333333333333333
VIL1,0.03333333333333333
AQP11,0.03333333333333333
APOLD1,0.03333333333333333
ANKRD52,0.03333333333333333
LOC101928826///TPT1,0.03333333333333333
ZNF703,0.03333333333333333
ZNF689,0.03333333333333333
ZNF432,0.03333333333333333
ZNF367,0.03333333333333333
ZNF32,0.03333333333333333
ZNF318,0.03333333333333333
ZNF232,0.03333333333333333
ZNF184,0.03333333333333333
ZG16B,0.03333333333333333
ZDHHC6,0.03333333333333333
ZAK,0.03333333333333333
AGPAT5,0.03333333333333333
AGFG1,0.03333333333333333
ADSL,0.03333333333333333
ADGRL1,0.03333333333333333
